{
  "logicalTable" : {
    "name" : "D01 CHANNELS",
    "type" : "DIMENSION",
    "logicalColumns" : [ {
      "name" : "CHANNEL_ID",
      "dataType" : "NUMERIC",
      "writeable" : false,
      "logicalColumnSource" : {
        "derivedFrom" : "PHYSICAL_COLUMNS",
        "physicalMappings" : [ {
          "logicalTableSource" : "D01 CHANNELS",
          "physicalExpression" : {
            "expressionTemplate" : "%1",
            "expressionObjects" : [ "physicalColumn:MyDatabase.SH.D01 CHANNELS.CHANNEL_ID" ]
          }
        } ]
      }
    }, {
      "name" : "CHANNEL_DESC",
      "dataType" : "VARCHAR",
      "writeable" : false,
      "logicalColumnSource" : {
        "derivedFrom" : "PHYSICAL_COLUMNS",
        "physicalMappings" : [ {
          "logicalTableSource" : "D01 CHANNELS",
          "physicalExpression" : {
            "expressionTemplate" : "%1",
            "expressionObjects" : [ "physicalColumn:MyDatabase.SH.D01 CHANNELS.CHANNEL_DESC" ]
          }
        } ]
      }
    }, {
      "name" : "CHANNEL_CLASS",
      "dataType" : "VARCHAR",
      "writeable" : false,
      "logicalColumnSource" : {
        "derivedFrom" : "PHYSICAL_COLUMNS",
        "physicalMappings" : [ {
          "logicalTableSource" : "D01 CHANNELS",
          "physicalExpression" : {
            "expressionTemplate" : "%1",
            "expressionObjects" : [ "physicalColumn:MyDatabase.SH.D01 CHANNELS.CHANNEL_CLASS" ]
          }
        } ]
      }
    }, {
      "name" : "CHANNEL_CLASS_ID",
      "dataType" : "NUMERIC",
      "writeable" : false,
      "logicalColumnSource" : {
        "derivedFrom" : "PHYSICAL_COLUMNS",
        "physicalMappings" : [ {
          "logicalTableSource" : "D01 CHANNELS",
          "physicalExpression" : {
            "expressionTemplate" : "%1",
            "expressionObjects" : [ "physicalColumn:MyDatabase.SH.D01 CHANNELS.CHANNEL_CLASS_ID" ]
          }
        } ]
      }
    }, {
      "name" : "CHANNEL_TOTAL",
      "dataType" : "VARCHAR",
      "writeable" : false,
      "logicalColumnSource" : {
        "derivedFrom" : "PHYSICAL_COLUMNS",
        "physicalMappings" : [ {
          "logicalTableSource" : "D01 CHANNELS",
          "physicalExpression" : {
            "expressionTemplate" : "%1",
            "expressionObjects" : [ "physicalColumn:MyDatabase.SH.D01 CHANNELS.CHANNEL_TOTAL" ]
          }
        } ]
      }
    }, {
      "name" : "CHANNEL_TOTAL_ID",
      "dataType" : "NUMERIC",
      "writeable" : false,
      "logicalColumnSource" : {
        "derivedFrom" : "PHYSICAL_COLUMNS",
        "physicalMappings" : [ {
          "logicalTableSource" : "D01 CHANNELS",
          "physicalExpression" : {
            "expressionTemplate" : "%1",
            "expressionObjects" : [ "physicalColumn:MyDatabase.SH.D01 CHANNELS.CHANNEL_TOTAL_ID" ]
          }
        } ]
      }
    } ],
    "logicalTableSources" : [ {
      "name" : "D01 CHANNELS",
      "disable" : false,
      "tableMapping" : {
        "tables" : [ "physicalTable:MyDatabase.SH.D01 CHANNELS" ]
      },
      "combineWithOtherFragments" : false,
      "enableFragmentSelection" : false,
      "distinctValues" : false
    } ]
  }
}