{
  "logicalTable" : {
    "name" : "D02 CUSTOMERS",
    "type" : "DIMENSION",
    "logicalColumns" : [ {
      "name" : "CUST_ID",
      "dataType" : "NUMERIC",
      "writeable" : false,
      "logicalColumnSource" : {
        "derivedFrom" : "PHYSICAL_COLUMNS",
        "physicalMappings" : [ {
          "logicalTableSource" : "D02 CUSTOMERS",
          "physicalExpression" : {
            "expressionTemplate" : "%1",
            "expressionObjects" : [ "physicalColumn:MyDatabase.SH.D02 CUSTOMERS.CUST_ID" ]
          }
        } ]
      }
    }, {
      "name" : "CUST_FIRST_NAME",
      "dataType" : "VARCHAR",
      "writeable" : false,
      "logicalColumnSource" : {
        "derivedFrom" : "PHYSICAL_COLUMNS",
        "physicalMappings" : [ {
          "logicalTableSource" : "D02 CUSTOMERS",
          "physicalExpression" : {
            "expressionTemplate" : "%1",
            "expressionObjects" : [ "physicalColumn:MyDatabase.SH.D02 CUSTOMERS.CUST_FIRST_NAME" ]
          }
        } ]
      }
    }, {
      "name" : "CUST_LAST_NAME",
      "dataType" : "VARCHAR",
      "writeable" : false,
      "logicalColumnSource" : {
        "derivedFrom" : "PHYSICAL_COLUMNS",
        "physicalMappings" : [ {
          "logicalTableSource" : "D02 CUSTOMERS",
          "physicalExpression" : {
            "expressionTemplate" : "%1",
            "expressionObjects" : [ "physicalColumn:MyDatabase.SH.D02 CUSTOMERS.CUST_LAST_NAME" ]
          }
        } ]
      }
    }, {
      "name" : "CUST_GENDER",
      "dataType" : "CHAR",
      "writeable" : false,
      "logicalColumnSource" : {
        "derivedFrom" : "PHYSICAL_COLUMNS",
        "physicalMappings" : [ {
          "logicalTableSource" : "D02 CUSTOMERS",
          "physicalExpression" : {
            "expressionTemplate" : "%1",
            "expressionObjects" : [ "physicalColumn:MyDatabase.SH.D02 CUSTOMERS.CUST_GENDER" ]
          }
        } ]
      }
    }, {
      "name" : "CUST_YEAR_OF_BIRTH",
      "dataType" : "NUMERIC",
      "writeable" : false,
      "logicalColumnSource" : {
        "derivedFrom" : "PHYSICAL_COLUMNS",
        "physicalMappings" : [ {
          "logicalTableSource" : "D02 CUSTOMERS",
          "physicalExpression" : {
            "expressionTemplate" : "%1",
            "expressionObjects" : [ "physicalColumn:MyDatabase.SH.D02 CUSTOMERS.CUST_YEAR_OF_BIRTH" ]
          }
        } ]
      }
    }, {
      "name" : "CUST_MARITAL_STATUS",
      "dataType" : "VARCHAR",
      "writeable" : false,
      "logicalColumnSource" : {
        "derivedFrom" : "PHYSICAL_COLUMNS",
        "physicalMappings" : [ {
          "logicalTableSource" : "D02 CUSTOMERS",
          "physicalExpression" : {
            "expressionTemplate" : "%1",
            "expressionObjects" : [ "physicalColumn:MyDatabase.SH.D02 CUSTOMERS.CUST_MARITAL_STATUS" ]
          }
        } ]
      }
    }, {
      "name" : "CUST_STREET_ADDRESS",
      "dataType" : "VARCHAR",
      "writeable" : false,
      "logicalColumnSource" : {
        "derivedFrom" : "PHYSICAL_COLUMNS",
        "physicalMappings" : [ {
          "logicalTableSource" : "D02 CUSTOMERS",
          "physicalExpression" : {
            "expressionTemplate" : "%1",
            "expressionObjects" : [ "physicalColumn:MyDatabase.SH.D02 CUSTOMERS.CUST_STREET_ADDRESS" ]
          }
        } ]
      }
    }, {
      "name" : "CUST_POSTAL_CODE",
      "dataType" : "VARCHAR",
      "writeable" : false,
      "logicalColumnSource" : {
        "derivedFrom" : "PHYSICAL_COLUMNS",
        "physicalMappings" : [ {
          "logicalTableSource" : "D02 CUSTOMERS",
          "physicalExpression" : {
            "expressionTemplate" : "%1",
            "expressionObjects" : [ "physicalColumn:MyDatabase.SH.D02 CUSTOMERS.CUST_POSTAL_CODE" ]
          }
        } ]
      }
    }, {
      "name" : "CUST_CITY",
      "dataType" : "VARCHAR",
      "writeable" : false,
      "logicalColumnSource" : {
        "derivedFrom" : "PHYSICAL_COLUMNS",
        "physicalMappings" : [ {
          "logicalTableSource" : "D02 CUSTOMERS",
          "physicalExpression" : {
            "expressionTemplate" : "%1",
            "expressionObjects" : [ "physicalColumn:MyDatabase.SH.D02 CUSTOMERS.CUST_CITY" ]
          }
        } ]
      }
    }, {
      "name" : "CUST_CITY_ID",
      "dataType" : "NUMERIC",
      "writeable" : false,
      "logicalColumnSource" : {
        "derivedFrom" : "PHYSICAL_COLUMNS",
        "physicalMappings" : [ {
          "logicalTableSource" : "D02 CUSTOMERS",
          "physicalExpression" : {
            "expressionTemplate" : "%1",
            "expressionObjects" : [ "physicalColumn:MyDatabase.SH.D02 CUSTOMERS.CUST_CITY_ID" ]
          }
        } ]
      }
    }, {
      "name" : "CUST_STATE_PROVINCE",
      "dataType" : "VARCHAR",
      "writeable" : false,
      "logicalColumnSource" : {
        "derivedFrom" : "PHYSICAL_COLUMNS",
        "physicalMappings" : [ {
          "logicalTableSource" : "D02 CUSTOMERS",
          "physicalExpression" : {
            "expressionTemplate" : "%1",
            "expressionObjects" : [ "physicalColumn:MyDatabase.SH.D02 CUSTOMERS.CUST_STATE_PROVINCE" ]
          }
        } ]
      }
    }, {
      "name" : "CUST_STATE_PROVINCE_ID",
      "dataType" : "NUMERIC",
      "writeable" : false,
      "logicalColumnSource" : {
        "derivedFrom" : "PHYSICAL_COLUMNS",
        "physicalMappings" : [ {
          "logicalTableSource" : "D02 CUSTOMERS",
          "physicalExpression" : {
            "expressionTemplate" : "%1",
            "expressionObjects" : [ "physicalColumn:MyDatabase.SH.D02 CUSTOMERS.CUST_STATE_PROVINCE_ID" ]
          }
        } ]
      }
    }, {
      "name" : "COUNTRY_ID",
      "dataType" : "NUMERIC",
      "writeable" : false,
      "logicalColumnSource" : {
        "derivedFrom" : "PHYSICAL_COLUMNS",
        "physicalMappings" : [ {
          "logicalTableSource" : "D02 CUSTOMERS",
          "physicalExpression" : {
            "expressionTemplate" : "%1",
            "expressionObjects" : [ "physicalColumn:MyDatabase.SH.D02 CUSTOMERS.COUNTRY_ID" ]
          }
        } ]
      }
    }, {
      "name" : "CUST_MAIN_PHONE_NUMBER",
      "dataType" : "VARCHAR",
      "writeable" : false,
      "logicalColumnSource" : {
        "derivedFrom" : "PHYSICAL_COLUMNS",
        "physicalMappings" : [ {
          "logicalTableSource" : "D02 CUSTOMERS",
          "physicalExpression" : {
            "expressionTemplate" : "%1",
            "expressionObjects" : [ "physicalColumn:MyDatabase.SH.D02 CUSTOMERS.CUST_MAIN_PHONE_NUMBER" ]
          }
        } ]
      }
    }, {
      "name" : "CUST_INCOME_LEVEL",
      "dataType" : "VARCHAR",
      "writeable" : false,
      "logicalColumnSource" : {
        "derivedFrom" : "PHYSICAL_COLUMNS",
        "physicalMappings" : [ {
          "logicalTableSource" : "D02 CUSTOMERS",
          "physicalExpression" : {
            "expressionTemplate" : "%1",
            "expressionObjects" : [ "physicalColumn:MyDatabase.SH.D02 CUSTOMERS.CUST_INCOME_LEVEL" ]
          }
        } ]
      }
    }, {
      "name" : "CUST_CREDIT_LIMIT",
      "dataType" : "NUMERIC",
      "writeable" : false,
      "logicalColumnSource" : {
        "derivedFrom" : "PHYSICAL_COLUMNS",
        "physicalMappings" : [ {
          "logicalTableSource" : "D02 CUSTOMERS",
          "physicalExpression" : {
            "expressionTemplate" : "%1",
            "expressionObjects" : [ "physicalColumn:MyDatabase.SH.D02 CUSTOMERS.CUST_CREDIT_LIMIT" ]
          }
        } ]
      }
    }, {
      "name" : "CUST_EMAIL",
      "dataType" : "VARCHAR",
      "writeable" : false,
      "logicalColumnSource" : {
        "derivedFrom" : "PHYSICAL_COLUMNS",
        "physicalMappings" : [ {
          "logicalTableSource" : "D02 CUSTOMERS",
          "physicalExpression" : {
            "expressionTemplate" : "%1",
            "expressionObjects" : [ "physicalColumn:MyDatabase.SH.D02 CUSTOMERS.CUST_EMAIL" ]
          }
        } ]
      }
    }, {
      "name" : "CUST_TOTAL",
      "dataType" : "VARCHAR",
      "writeable" : false,
      "logicalColumnSource" : {
        "derivedFrom" : "PHYSICAL_COLUMNS",
        "physicalMappings" : [ {
          "logicalTableSource" : "D02 CUSTOMERS",
          "physicalExpression" : {
            "expressionTemplate" : "%1",
            "expressionObjects" : [ "physicalColumn:MyDatabase.SH.D02 CUSTOMERS.CUST_TOTAL" ]
          }
        } ]
      }
    }, {
      "name" : "CUST_TOTAL_ID",
      "dataType" : "NUMERIC",
      "writeable" : false,
      "logicalColumnSource" : {
        "derivedFrom" : "PHYSICAL_COLUMNS",
        "physicalMappings" : [ {
          "logicalTableSource" : "D02 CUSTOMERS",
          "physicalExpression" : {
            "expressionTemplate" : "%1",
            "expressionObjects" : [ "physicalColumn:MyDatabase.SH.D02 CUSTOMERS.CUST_TOTAL_ID" ]
          }
        } ]
      }
    }, {
      "name" : "CUST_SRC_ID",
      "dataType" : "NUMERIC",
      "writeable" : false,
      "logicalColumnSource" : {
        "derivedFrom" : "PHYSICAL_COLUMNS",
        "physicalMappings" : [ {
          "logicalTableSource" : "D02 CUSTOMERS",
          "physicalExpression" : {
            "expressionTemplate" : "%1",
            "expressionObjects" : [ "physicalColumn:MyDatabase.SH.D02 CUSTOMERS.CUST_SRC_ID" ]
          }
        } ]
      }
    }, {
      "name" : "CUST_EFF_FROM",
      "dataType" : "DATETIME",
      "writeable" : false,
      "logicalColumnSource" : {
        "derivedFrom" : "PHYSICAL_COLUMNS",
        "physicalMappings" : [ {
          "logicalTableSource" : "D02 CUSTOMERS",
          "physicalExpression" : {
            "expressionTemplate" : "%1",
            "expressionObjects" : [ "physicalColumn:MyDatabase.SH.D02 CUSTOMERS.CUST_EFF_FROM" ]
          }
        } ]
      }
    }, {
      "name" : "CUST_EFF_TO",
      "dataType" : "DATETIME",
      "writeable" : false,
      "logicalColumnSource" : {
        "derivedFrom" : "PHYSICAL_COLUMNS",
        "physicalMappings" : [ {
          "logicalTableSource" : "D02 CUSTOMERS",
          "physicalExpression" : {
            "expressionTemplate" : "%1",
            "expressionObjects" : [ "physicalColumn:MyDatabase.SH.D02 CUSTOMERS.CUST_EFF_TO" ]
          }
        } ]
      }
    }, {
      "name" : "CUST_VALID",
      "dataType" : "VARCHAR",
      "writeable" : false,
      "logicalColumnSource" : {
        "derivedFrom" : "PHYSICAL_COLUMNS",
        "physicalMappings" : [ {
          "logicalTableSource" : "D02 CUSTOMERS",
          "physicalExpression" : {
            "expressionTemplate" : "%1",
            "expressionObjects" : [ "physicalColumn:MyDatabase.SH.D02 CUSTOMERS.CUST_VALID" ]
          }
        } ]
      }
    } ],
    "logicalTableSources" : [ {
      "name" : "D02 CUSTOMERS",
      "disable" : false,
      "tableMapping" : {
        "tables" : [ "physicalTable:MyDatabase.SH.D02 CUSTOMERS" ]
      },
      "combineWithOtherFragments" : false,
      "enableFragmentSelection" : false,
      "distinctValues" : false
    } ]
  }
}