{
  "logicalTable" : {
    "name" : "D04 PROMOTIONS",
    "type" : "DIMENSION",
    "logicalColumns" : [ {
      "name" : "PROMO_ID",
      "dataType" : "NUMERIC",
      "writeable" : false,
      "logicalColumnSource" : {
        "derivedFrom" : "PHYSICAL_COLUMNS",
        "physicalMappings" : [ {
          "logicalTableSource" : "D04 PROMOTIONS",
          "physicalExpression" : {
            "expressionTemplate" : "%1",
            "expressionObjects" : [ "physicalColumn:MyDatabase.SH.D04 PROMOTIONS.PROMO_ID" ]
          }
        } ]
      }
    }, {
      "name" : "PROMO_NAME",
      "dataType" : "VARCHAR",
      "writeable" : false,
      "logicalColumnSource" : {
        "derivedFrom" : "PHYSICAL_COLUMNS",
        "physicalMappings" : [ {
          "logicalTableSource" : "D04 PROMOTIONS",
          "physicalExpression" : {
            "expressionTemplate" : "%1",
            "expressionObjects" : [ "physicalColumn:MyDatabase.SH.D04 PROMOTIONS.PROMO_NAME" ]
          }
        } ]
      }
    }, {
      "name" : "PROMO_SUBCATEGORY",
      "dataType" : "VARCHAR",
      "writeable" : false,
      "logicalColumnSource" : {
        "derivedFrom" : "PHYSICAL_COLUMNS",
        "physicalMappings" : [ {
          "logicalTableSource" : "D04 PROMOTIONS",
          "physicalExpression" : {
            "expressionTemplate" : "%1",
            "expressionObjects" : [ "physicalColumn:MyDatabase.SH.D04 PROMOTIONS.PROMO_SUBCATEGORY" ]
          }
        } ]
      }
    }, {
      "name" : "PROMO_SUBCATEGORY_ID",
      "dataType" : "NUMERIC",
      "writeable" : false,
      "logicalColumnSource" : {
        "derivedFrom" : "PHYSICAL_COLUMNS",
        "physicalMappings" : [ {
          "logicalTableSource" : "D04 PROMOTIONS",
          "physicalExpression" : {
            "expressionTemplate" : "%1",
            "expressionObjects" : [ "physicalColumn:MyDatabase.SH.D04 PROMOTIONS.PROMO_SUBCATEGORY_ID" ]
          }
        } ]
      }
    }, {
      "name" : "PROMO_CATEGORY",
      "dataType" : "VARCHAR",
      "writeable" : false,
      "logicalColumnSource" : {
        "derivedFrom" : "PHYSICAL_COLUMNS",
        "physicalMappings" : [ {
          "logicalTableSource" : "D04 PROMOTIONS",
          "physicalExpression" : {
            "expressionTemplate" : "%1",
            "expressionObjects" : [ "physicalColumn:MyDatabase.SH.D04 PROMOTIONS.PROMO_CATEGORY" ]
          }
        } ]
      }
    }, {
      "name" : "PROMO_CATEGORY_ID",
      "dataType" : "NUMERIC",
      "writeable" : false,
      "logicalColumnSource" : {
        "derivedFrom" : "PHYSICAL_COLUMNS",
        "physicalMappings" : [ {
          "logicalTableSource" : "D04 PROMOTIONS",
          "physicalExpression" : {
            "expressionTemplate" : "%1",
            "expressionObjects" : [ "physicalColumn:MyDatabase.SH.D04 PROMOTIONS.PROMO_CATEGORY_ID" ]
          }
        } ]
      }
    }, {
      "name" : "PROMO_COST",
      "dataType" : "NUMERIC",
      "writeable" : false,
      "logicalColumnSource" : {
        "derivedFrom" : "PHYSICAL_COLUMNS",
        "physicalMappings" : [ {
          "logicalTableSource" : "D04 PROMOTIONS",
          "physicalExpression" : {
            "expressionTemplate" : "%1",
            "expressionObjects" : [ "physicalColumn:MyDatabase.SH.D04 PROMOTIONS.PROMO_COST" ]
          }
        } ]
      }
    }, {
      "name" : "PROMO_BEGIN_DATE",
      "dataType" : "DATETIME",
      "writeable" : false,
      "logicalColumnSource" : {
        "derivedFrom" : "PHYSICAL_COLUMNS",
        "physicalMappings" : [ {
          "logicalTableSource" : "D04 PROMOTIONS",
          "physicalExpression" : {
            "expressionTemplate" : "%1",
            "expressionObjects" : [ "physicalColumn:MyDatabase.SH.D04 PROMOTIONS.PROMO_BEGIN_DATE" ]
          }
        } ]
      }
    }, {
      "name" : "PROMO_END_DATE",
      "dataType" : "DATETIME",
      "writeable" : false,
      "logicalColumnSource" : {
        "derivedFrom" : "PHYSICAL_COLUMNS",
        "physicalMappings" : [ {
          "logicalTableSource" : "D04 PROMOTIONS",
          "physicalExpression" : {
            "expressionTemplate" : "%1",
            "expressionObjects" : [ "physicalColumn:MyDatabase.SH.D04 PROMOTIONS.PROMO_END_DATE" ]
          }
        } ]
      }
    }, {
      "name" : "PROMO_TOTAL",
      "dataType" : "VARCHAR",
      "writeable" : false,
      "logicalColumnSource" : {
        "derivedFrom" : "PHYSICAL_COLUMNS",
        "physicalMappings" : [ {
          "logicalTableSource" : "D04 PROMOTIONS",
          "physicalExpression" : {
            "expressionTemplate" : "%1",
            "expressionObjects" : [ "physicalColumn:MyDatabase.SH.D04 PROMOTIONS.PROMO_TOTAL" ]
          }
        } ]
      }
    }, {
      "name" : "PROMO_TOTAL_ID",
      "dataType" : "NUMERIC",
      "writeable" : false,
      "logicalColumnSource" : {
        "derivedFrom" : "PHYSICAL_COLUMNS",
        "physicalMappings" : [ {
          "logicalTableSource" : "D04 PROMOTIONS",
          "physicalExpression" : {
            "expressionTemplate" : "%1",
            "expressionObjects" : [ "physicalColumn:MyDatabase.SH.D04 PROMOTIONS.PROMO_TOTAL_ID" ]
          }
        } ]
      }
    } ],
    "logicalTableSources" : [ {
      "name" : "D04 PROMOTIONS",
      "disable" : false,
      "tableMapping" : {
        "tables" : [ "physicalTable:MyDatabase.SH.D04 PROMOTIONS" ]
      },
      "combineWithOtherFragments" : false,
      "enableFragmentSelection" : false,
      "distinctValues" : false
    } ]
  }
}