{
  "logicalTable" : {
    "name" : "F01 SALES",
    "type" : "FACT",
    "logicalColumns" : [ {
      "name" : "PROD_ID",
      "dataType" : "NUMERIC",
      "writeable" : false,
      "logicalColumnSource" : {
        "derivedFrom" : "PHYSICAL_COLUMNS",
        "physicalMappings" : [ {
          "logicalTableSource" : "F01 SALES",
          "physicalExpression" : {
            "expressionTemplate" : "%1",
            "expressionObjects" : [ "physicalColumn:MyDatabase.SH.F01 SALES.PROD_ID" ]
          }
        } ]
      }
    }, {
      "name" : "CUST_ID",
      "dataType" : "NUMERIC",
      "writeable" : false,
      "logicalColumnSource" : {
        "derivedFrom" : "PHYSICAL_COLUMNS",
        "physicalMappings" : [ {
          "logicalTableSource" : "F01 SALES",
          "physicalExpression" : {
            "expressionTemplate" : "%1",
            "expressionObjects" : [ "physicalColumn:MyDatabase.SH.F01 SALES.CUST_ID" ]
          }
        } ]
      }
    }, {
      "name" : "TIME_ID",
      "dataType" : "DATETIME",
      "writeable" : false,
      "logicalColumnSource" : {
        "derivedFrom" : "PHYSICAL_COLUMNS",
        "physicalMappings" : [ {
          "logicalTableSource" : "F01 SALES",
          "physicalExpression" : {
            "expressionTemplate" : "%1",
            "expressionObjects" : [ "physicalColumn:MyDatabase.SH.F01 SALES.TIME_ID" ]
          }
        } ]
      }
    }, {
      "name" : "CHANNEL_ID",
      "dataType" : "NUMERIC",
      "writeable" : false,
      "logicalColumnSource" : {
        "derivedFrom" : "PHYSICAL_COLUMNS",
        "physicalMappings" : [ {
          "logicalTableSource" : "F01 SALES",
          "physicalExpression" : {
            "expressionTemplate" : "%1",
            "expressionObjects" : [ "physicalColumn:MyDatabase.SH.F01 SALES.CHANNEL_ID" ]
          }
        } ]
      }
    }, {
      "name" : "PROMO_ID",
      "dataType" : "NUMERIC",
      "writeable" : false,
      "logicalColumnSource" : {
        "derivedFrom" : "PHYSICAL_COLUMNS",
        "physicalMappings" : [ {
          "logicalTableSource" : "F01 SALES",
          "physicalExpression" : {
            "expressionTemplate" : "%1",
            "expressionObjects" : [ "physicalColumn:MyDatabase.SH.F01 SALES.PROMO_ID" ]
          }
        } ]
      }
    }, {
      "name" : "QUANTITY_SOLD",
      "dataType" : "NUMERIC",
      "writeable" : false,
      "logicalColumnSource" : {
        "derivedFrom" : "PHYSICAL_COLUMNS",
        "physicalMappings" : [ {
          "logicalTableSource" : "F01 SALES",
          "physicalExpression" : {
            "expressionTemplate" : "%1",
            "expressionObjects" : [ "physicalColumn:MyDatabase.SH.F01 SALES.QUANTITY_SOLD" ]
          }
        } ]
      }
    }, {
      "name" : "AMOUNT_SOLD",
      "dataType" : "NUMERIC",
      "writeable" : false,
      "logicalColumnSource" : {
        "derivedFrom" : "PHYSICAL_COLUMNS",
        "physicalMappings" : [ {
          "logicalTableSource" : "F01 SALES",
          "physicalExpression" : {
            "expressionTemplate" : "%1",
            "expressionObjects" : [ "physicalColumn:MyDatabase.SH.F01 SALES.AMOUNT_SOLD" ]
          }
        } ]
      }
    }, {
      "name" : "Ventas Totales",
      "dataType" : "NUMERIC",
      "writeable" : false,
      "logicalColumnSource" : {
        "derivedFrom" : "LOGICAL_COLUMNS",
        "logicalExpression" : {
          "expressionTemplate" : "%1 * %2",
          "expressionObjects" : [ "logicalColumn:SALES.F01 SALES.QUANTITY_SOLD", "logicalColumn:SALES.F01 SALES.AMOUNT_SOLD" ]
        }
      }
    } ],
    "logicalTableSources" : [ {
      "name" : "F01 SALES",
      "disable" : false,
      "tableMapping" : {
        "tables" : [ "physicalTable:MyDatabase.SH.F01 SALES" ]
      },
      "combineWithOtherFragments" : false,
      "enableFragmentSelection" : false,
      "distinctValues" : false
    } ],
    "joins" : [ {
      "rightTable" : "logicalTable:SALES.D01 CHANNELS",
      "joinType" : "INNER",
      "cardinality" : "MANY_TO_ONE",
      "drivingTable" : "None"
    }, {
      "rightTable" : "logicalTable:SALES.D02 CUSTOMERS",
      "joinType" : "INNER",
      "cardinality" : "MANY_TO_ONE",
      "drivingTable" : "None"
    }, {
      "rightTable" : "logicalTable:SALES.D03 PRODUCTS",
      "joinType" : "INNER",
      "cardinality" : "MANY_TO_ONE",
      "drivingTable" : "None"
    }, {
      "rightTable" : "logicalTable:SALES.D04 PROMOTIONS",
      "joinType" : "INNER",
      "cardinality" : "MANY_TO_ONE",
      "drivingTable" : "None"
    }, {
      "rightTable" : "logicalTable:SALES.D05 TIMES",
      "joinType" : "INNER",
      "cardinality" : "MANY_TO_ONE",
      "drivingTable" : "None"
    } ]
  }
}