{
  "logicalTable" : {
    "name" : "D01_SS_PRODUCTS",
    "type" : "DIMENSION",
    "logicalColumns" : [ {
      "name" : "PRODUCTID",
      "dataType" : "NUMERIC",
      "writeable" : false,
      "logicalColumnSource" : {
        "derivedFrom" : "PHYSICAL_COLUMNS",
        "physicalMappings" : [ {
          "logicalTableSource" : "D01_SS_PRODUCTS",
          "physicalExpression" : {
            "expressionTemplate" : "%1",
            "expressionObjects" : [ "physicalColumn:MyDatabase.BUDPRD.D01_SS_PRODUCTS.PRODUCTID" ]
          }
        } ]
      },
      "logicalLevel" : "Detalle"
    }, {
      "name" : "PRODUCT",
      "dataType" : "VARCHAR",
      "writeable" : false,
      "logicalColumnSource" : {
        "derivedFrom" : "PHYSICAL_COLUMNS",
        "physicalMappings" : [ {
          "logicalTableSource" : "D01_SS_PRODUCTS",
          "physicalExpression" : {
            "expressionTemplate" : "%1",
            "expressionObjects" : [ "physicalColumn:MyDatabase.BUDPRD.D01_SS_PRODUCTS.PRODUCT" ]
          }
        } ]
      },
      "logicalLevel" : "Detalle"
    }, {
      "name" : "PRODUCTCATEGORYID",
      "dataType" : "VARCHAR",
      "writeable" : false,
      "logicalColumnSource" : {
        "derivedFrom" : "PHYSICAL_COLUMNS",
        "physicalMappings" : [ {
          "logicalTableSource" : "D01_SS_PRODUCTS",
          "physicalExpression" : {
            "expressionTemplate" : "%1",
            "expressionObjects" : [ "physicalColumn:MyDatabase.BUDPRD.D01_SS_PRODUCTS.PRODUCTCATEGORYID" ]
          }
        } ]
      },
      "logicalLevel" : "Detalle"
    }, {
      "name" : "PRODUCTGROUPID",
      "dataType" : "VARCHAR",
      "writeable" : false,
      "logicalColumnSource" : {
        "derivedFrom" : "PHYSICAL_COLUMNS",
        "physicalMappings" : [ {
          "logicalTableSource" : "D01_SS_PRODUCTS",
          "physicalExpression" : {
            "expressionTemplate" : "%1",
            "expressionObjects" : [ "physicalColumn:MyDatabase.BUDPRD.D01_SS_PRODUCTS.PRODUCTGROUPID" ]
          }
        } ]
      },
      "logicalLevel" : "Detalle"
    } ],
    "logicalTableSources" : [ {
      "name" : "D01_SS_PRODUCTS",
      "disable" : false,
      "tableMapping" : {
        "tables" : [ "physicalTable:MyDatabase.BUDPRD.D01_SS_PRODUCTS" ]
      },
      "combineWithOtherFragments" : false,
      "enableFragmentSelection" : false,
      "distinctValues" : false
    } ],
    "hierarchyType" : "LEVEL_BASED",
    "levelBasedHierarchy" : {
      "defaultRootLevel" : "Total",
      "ragged" : false,
      "skipped" : false,
      "logicalLevels" : [ {
        "name" : "Total",
        "numberOfElements" : 1,
        "grandTotalLevel" : true,
        "disableAggregateToHigherLevel" : false
      }, {
        "name" : "Detalle",
        "numberOfElements" : 1,
        "grandTotalLevel" : false,
        "disableAggregateToHigherLevel" : false,
        "primaryKey" : [ "PRODUCTCATEGORYID" ],
        "displayKey" : "PRODUCT",
        "additionalKeys" : [ [ "PRODUCT" ] ]
      } ],
      "logicalHierarchies" : [ {
        "name" : "H1",
        "levels" : [ "Total", "Detalle" ]
      } ]
    }
  }
}