{
  "logicalTable" : {
    "name" : "D02_SS_BUSINES_UNITS",
    "type" : "DIMENSION",
    "logicalColumns" : [ {
      "name" : "BUSINESSUNITID",
      "dataType" : "NUMERIC",
      "writeable" : false,
      "logicalColumnSource" : {
        "derivedFrom" : "PHYSICAL_COLUMNS",
        "physicalMappings" : [ {
          "logicalTableSource" : "D01_SS_BUSINES_UNITS",
          "physicalExpression" : {
            "expressionTemplate" : "%1",
            "expressionObjects" : [ "physicalColumn:MyDatabase.BUDPRD.D01_SS_BUSINES_UNITS.BUSINESSUNITID" ]
          }
        } ]
      }
    }, {
      "name" : "BUSINESSUNIT",
      "dataType" : "VARCHAR",
      "writeable" : false,
      "logicalColumnSource" : {
        "derivedFrom" : "PHYSICAL_COLUMNS",
        "physicalMappings" : [ {
          "logicalTableSource" : "D01_SS_BUSINES_UNITS",
          "physicalExpression" : {
            "expressionTemplate" : "%1",
            "expressionObjects" : [ "physicalColumn:MyDatabase.BUDPRD.D01_SS_BUSINES_UNITS.BUSINESSUNIT" ]
          }
        } ]
      }
    }, {
      "name" : "DIVISION",
      "dataType" : "VARCHAR",
      "writeable" : false,
      "logicalColumnSource" : {
        "derivedFrom" : "PHYSICAL_COLUMNS",
        "physicalMappings" : [ {
          "logicalTableSource" : "D01_SS_BUSINES_UNITS",
          "physicalExpression" : {
            "expressionTemplate" : "%1",
            "expressionObjects" : [ "physicalColumn:MyDatabase.BUDPRD.D01_SS_BUSINES_UNITS.DIVISION" ]
          }
        } ]
      }
    }, {
      "name" : "GRUPO",
      "dataType" : "VARCHAR",
      "writeable" : false,
      "logicalColumnSource" : {
        "derivedFrom" : "PHYSICAL_COLUMNS",
        "physicalMappings" : [ {
          "logicalTableSource" : "D01_SS_BUSINES_UNITS",
          "physicalExpression" : {
            "expressionTemplate" : "%1",
            "expressionObjects" : [ "physicalColumn:MyDatabase.BUDPRD.D01_SS_BUSINES_UNITS.GRUPO" ]
          }
        } ]
      }
    } ],
    "logicalTableSources" : [ {
      "name" : "D01_SS_BUSINES_UNITS",
      "disable" : false,
      "tableMapping" : {
        "tables" : [ "physicalTable:MyDatabase.BUDPRD.D01_SS_BUSINES_UNITS" ]
      },
      "combineWithOtherFragments" : false,
      "enableFragmentSelection" : false,
      "distinctValues" : false
    } ]
  }
}