{
  "logicalTable" : {
    "name" : "D04_SS_SALES_PERSONS",
    "type" : "DIMENSION",
    "logicalColumns" : [ {
      "name" : "SALESPERSONID",
      "dataType" : "NUMERIC",
      "writeable" : false,
      "logicalColumnSource" : {
        "derivedFrom" : "PHYSICAL_COLUMNS",
        "physicalMappings" : [ {
          "logicalTableSource" : "D01_SS_SALES_PERSONS",
          "physicalExpression" : {
            "expressionTemplate" : "%1",
            "expressionObjects" : [ "physicalColumn:MyDatabase.BUDPRD.D01_SS_SALES_PERSONS.SALESPERSONID" ]
          }
        } ]
      }
    }, {
      "name" : "SALESPERSON",
      "dataType" : "VARCHAR",
      "writeable" : false,
      "logicalColumnSource" : {
        "derivedFrom" : "PHYSICAL_COLUMNS",
        "physicalMappings" : [ {
          "logicalTableSource" : "D01_SS_SALES_PERSONS",
          "physicalExpression" : {
            "expressionTemplate" : "%1",
            "expressionObjects" : [ "physicalColumn:MyDatabase.BUDPRD.D01_SS_SALES_PERSONS.SALESPERSON" ]
          }
        } ]
      }
    } ],
    "logicalTableSources" : [ {
      "name" : "D01_SS_SALES_PERSONS",
      "disable" : false,
      "tableMapping" : {
        "tables" : [ "physicalTable:MyDatabase.BUDPRD.D01_SS_SALES_PERSONS" ]
      },
      "combineWithOtherFragments" : false,
      "enableFragmentSelection" : false,
      "distinctValues" : false
    } ]
  }
}