{
  "presentationTable" : {
    "name" : "D01 CHANNELS",
    "presentationColumns" : [ {
      "name" : "CHANNEL_ID",
      "sourceLogicalColumn" : "logicalColumn:SALES.D01 CHANNELS.CHANNEL_ID"
    }, {
      "name" : "CHANNEL_DESC",
      "sourceLogicalColumn" : "logicalColumn:SALES.D01 CHANNELS.CHANNEL_DESC"
    }, {
      "name" : "CHANNEL_CLASS",
      "sourceLogicalColumn" : "logicalColumn:SALES.D01 CHANNELS.CHANNEL_CLASS"
    }, {
      "name" : "CHANNEL_CLASS_ID",
      "sourceLogicalColumn" : "logicalColumn:SALES.D01 CHANNELS.CHANNEL_CLASS_ID"
    }, {
      "name" : "CHANNEL_TOTAL",
      "sourceLogicalColumn" : "logicalColumn:SALES.D01 CHANNELS.CHANNEL_TOTAL"
    }, {
      "name" : "CHANNEL_TOTAL_ID",
      "sourceLogicalColumn" : "logicalColumn:SALES.D01 CHANNELS.CHANNEL_TOTAL_ID"
    } ]
  }
}