{
  "presentationTable" : {
    "name" : "D02 CUSTOMERS",
    "presentationColumns" : [ {
      "name" : "CUST_ID",
      "sourceLogicalColumn" : "logicalColumn:SALES.D02 CUSTOMERS.CUST_ID"
    }, {
      "name" : "CUST_FIRST_NAME",
      "sourceLogicalColumn" : "logicalColumn:SALES.D02 CUSTOMERS.CUST_FIRST_NAME"
    }, {
      "name" : "CUST_LAST_NAME",
      "sourceLogicalColumn" : "logicalColumn:SALES.D02 CUSTOMERS.CUST_LAST_NAME"
    }, {
      "name" : "CUST_GENDER",
      "sourceLogicalColumn" : "logicalColumn:SALES.D02 CUSTOMERS.CUST_GENDER"
    }, {
      "name" : "CUST_YEAR_OF_BIRTH",
      "sourceLogicalColumn" : "logicalColumn:SALES.D02 CUSTOMERS.CUST_YEAR_OF_BIRTH"
    }, {
      "name" : "CUST_MARITAL_STATUS",
      "sourceLogicalColumn" : "logicalColumn:SALES.D02 CUSTOMERS.CUST_MARITAL_STATUS"
    }, {
      "name" : "CUST_STREET_ADDRESS",
      "sourceLogicalColumn" : "logicalColumn:SALES.D02 CUSTOMERS.CUST_STREET_ADDRESS"
    }, {
      "name" : "CUST_POSTAL_CODE",
      "sourceLogicalColumn" : "logicalColumn:SALES.D02 CUSTOMERS.CUST_POSTAL_CODE"
    }, {
      "name" : "CUST_CITY",
      "sourceLogicalColumn" : "logicalColumn:SALES.D02 CUSTOMERS.CUST_CITY"
    }, {
      "name" : "CUST_CITY_ID",
      "sourceLogicalColumn" : "logicalColumn:SALES.D02 CUSTOMERS.CUST_CITY_ID"
    }, {
      "name" : "CUST_STATE_PROVINCE",
      "sourceLogicalColumn" : "logicalColumn:SALES.D02 CUSTOMERS.CUST_STATE_PROVINCE"
    }, {
      "name" : "CUST_STATE_PROVINCE_ID",
      "sourceLogicalColumn" : "logicalColumn:SALES.D02 CUSTOMERS.CUST_STATE_PROVINCE_ID"
    }, {
      "name" : "COUNTRY_ID",
      "sourceLogicalColumn" : "logicalColumn:SALES.D02 CUSTOMERS.COUNTRY_ID"
    }, {
      "name" : "CUST_MAIN_PHONE_NUMBER",
      "sourceLogicalColumn" : "logicalColumn:SALES.D02 CUSTOMERS.CUST_MAIN_PHONE_NUMBER"
    }, {
      "name" : "CUST_INCOME_LEVEL",
      "sourceLogicalColumn" : "logicalColumn:SALES.D02 CUSTOMERS.CUST_INCOME_LEVEL"
    }, {
      "name" : "CUST_CREDIT_LIMIT",
      "sourceLogicalColumn" : "logicalColumn:SALES.D02 CUSTOMERS.CUST_CREDIT_LIMIT"
    }, {
      "name" : "CUST_EMAIL",
      "sourceLogicalColumn" : "logicalColumn:SALES.D02 CUSTOMERS.CUST_EMAIL"
    }, {
      "name" : "CUST_TOTAL",
      "sourceLogicalColumn" : "logicalColumn:SALES.D02 CUSTOMERS.CUST_TOTAL"
    }, {
      "name" : "CUST_TOTAL_ID",
      "sourceLogicalColumn" : "logicalColumn:SALES.D02 CUSTOMERS.CUST_TOTAL_ID"
    }, {
      "name" : "CUST_SRC_ID",
      "sourceLogicalColumn" : "logicalColumn:SALES.D02 CUSTOMERS.CUST_SRC_ID"
    }, {
      "name" : "CUST_EFF_FROM",
      "sourceLogicalColumn" : "logicalColumn:SALES.D02 CUSTOMERS.CUST_EFF_FROM"
    }, {
      "name" : "CUST_EFF_TO",
      "sourceLogicalColumn" : "logicalColumn:SALES.D02 CUSTOMERS.CUST_EFF_TO"
    }, {
      "name" : "CUST_VALID",
      "sourceLogicalColumn" : "logicalColumn:SALES.D02 CUSTOMERS.CUST_VALID"
    } ]
  }
}