{
  "presentationTable" : {
    "name" : "D03 PRODUCTS",
    "presentationColumns" : [ {
      "name" : "PROD_ID",
      "sourceLogicalColumn" : "logicalColumn:SALES.D03 PRODUCTS.PROD_ID"
    }, {
      "name" : "PROD_NAME",
      "sourceLogicalColumn" : "logicalColumn:SALES.D03 PRODUCTS.PROD_NAME"
    }, {
      "name" : "PROD_DESC",
      "sourceLogicalColumn" : "logicalColumn:SALES.D03 PRODUCTS.PROD_DESC"
    }, {
      "name" : "PROD_SUBCATEGORY",
      "sourceLogicalColumn" : "logicalColumn:SALES.D03 PRODUCTS.PROD_SUBCATEGORY"
    }, {
      "name" : "PROD_SUBCATEGORY_ID",
      "sourceLogicalColumn" : "logicalColumn:SALES.D03 PRODUCTS.PROD_SUBCATEGORY_ID"
    }, {
      "name" : "PROD_SUBCATEGORY_DESC",
      "sourceLogicalColumn" : "logicalColumn:SALES.D03 PRODUCTS.PROD_SUBCATEGORY_DESC"
    }, {
      "name" : "PROD_CATEGORY",
      "sourceLogicalColumn" : "logicalColumn:SALES.D03 PRODUCTS.PROD_CATEGORY"
    }, {
      "name" : "PROD_CATEGORY_ID",
      "sourceLogicalColumn" : "logicalColumn:SALES.D03 PRODUCTS.PROD_CATEGORY_ID"
    }, {
      "name" : "PROD_CATEGORY_DESC",
      "sourceLogicalColumn" : "logicalColumn:SALES.D03 PRODUCTS.PROD_CATEGORY_DESC"
    }, {
      "name" : "PROD_WEIGHT_CLASS",
      "sourceLogicalColumn" : "logicalColumn:SALES.D03 PRODUCTS.PROD_WEIGHT_CLASS"
    }, {
      "name" : "PROD_UNIT_OF_MEASURE",
      "sourceLogicalColumn" : "logicalColumn:SALES.D03 PRODUCTS.PROD_UNIT_OF_MEASURE"
    }, {
      "name" : "PROD_PACK_SIZE",
      "sourceLogicalColumn" : "logicalColumn:SALES.D03 PRODUCTS.PROD_PACK_SIZE"
    }, {
      "name" : "SUPPLIER_ID",
      "sourceLogicalColumn" : "logicalColumn:SALES.D03 PRODUCTS.SUPPLIER_ID"
    }, {
      "name" : "PROD_STATUS",
      "sourceLogicalColumn" : "logicalColumn:SALES.D03 PRODUCTS.PROD_STATUS"
    }, {
      "name" : "PROD_LIST_PRICE",
      "sourceLogicalColumn" : "logicalColumn:SALES.D03 PRODUCTS.PROD_LIST_PRICE"
    }, {
      "name" : "PROD_MIN_PRICE",
      "sourceLogicalColumn" : "logicalColumn:SALES.D03 PRODUCTS.PROD_MIN_PRICE"
    }, {
      "name" : "PROD_TOTAL",
      "sourceLogicalColumn" : "logicalColumn:SALES.D03 PRODUCTS.PROD_TOTAL"
    }, {
      "name" : "PROD_TOTAL_ID",
      "sourceLogicalColumn" : "logicalColumn:SALES.D03 PRODUCTS.PROD_TOTAL_ID"
    }, {
      "name" : "PROD_SRC_ID",
      "sourceLogicalColumn" : "logicalColumn:SALES.D03 PRODUCTS.PROD_SRC_ID"
    }, {
      "name" : "PROD_EFF_FROM",
      "sourceLogicalColumn" : "logicalColumn:SALES.D03 PRODUCTS.PROD_EFF_FROM"
    }, {
      "name" : "PROD_EFF_TO",
      "sourceLogicalColumn" : "logicalColumn:SALES.D03 PRODUCTS.PROD_EFF_TO"
    }, {
      "name" : "PROD_VALID",
      "sourceLogicalColumn" : "logicalColumn:SALES.D03 PRODUCTS.PROD_VALID"
    } ]
  }
}