{
  "presentationTable" : {
    "name" : "F01 SALES",
    "presentationColumns" : [ {
      "name" : "PROD_ID",
      "sourceLogicalColumn" : "logicalColumn:SALES.F01 SALES.PROD_ID"
    }, {
      "name" : "CUST_ID",
      "sourceLogicalColumn" : "logicalColumn:SALES.F01 SALES.CUST_ID"
    }, {
      "name" : "TIME_ID",
      "sourceLogicalColumn" : "logicalColumn:SALES.F01 SALES.TIME_ID"
    }, {
      "name" : "CHANNEL_ID",
      "sourceLogicalColumn" : "logicalColumn:SALES.F01 SALES.CHANNEL_ID"
    }, {
      "name" : "PROMO_ID",
      "sourceLogicalColumn" : "logicalColumn:SALES.F01 SALES.PROMO_ID"
    }, {
      "name" : "QUANTITY_SOLD",
      "sourceLogicalColumn" : "logicalColumn:SALES.F01 SALES.QUANTITY_SOLD"
    }, {
      "name" : "AMOUNT_SOLD",
      "sourceLogicalColumn" : "logicalColumn:SALES.F01 SALES.AMOUNT_SOLD"
    } ]
  }
}