{
  "presentationTable" : {
    "name" : "D01_SS_PRODUCTS",
    "presentationColumns" : [ {
      "name" : "PRODUCTID",
      "sourceLogicalColumn" : "logicalColumn:practica_EJC.D01_SS_PRODUCTS.PRODUCTID"
    }, {
      "name" : "PRODUCT",
      "sourceLogicalColumn" : "logicalColumn:practica_EJC.D01_SS_PRODUCTS.PRODUCT"
    }, {
      "name" : "PRODUCTCATEGORYID",
      "sourceLogicalColumn" : "logicalColumn:practica_EJC.D01_SS_PRODUCTS.PRODUCTCATEGORYID"
    }, {
      "name" : "PRODUCTGROUPID",
      "sourceLogicalColumn" : "logicalColumn:practica_EJC.D01_SS_PRODUCTS.PRODUCTGROUPID"
    } ],
    "hierarchies" : [ {
      "name" : "H1",
      "sourceLogicalTable" : "logicalTable:practica_EJC.D01_SS_PRODUCTS",
      "levels" : [ {
        "name" : "Total",
        "sourceLogicalLevel" : "logicalLevel:practica_EJC.D01_SS_PRODUCTS.Total"
      }, {
        "name" : "Detalle",
        "sourceLogicalLevel" : "logicalLevel:practica_EJC.D01_SS_PRODUCTS.Detalle",
        "displayColumn" : "presentationColumn:practica_EJC.D01_SS_PRODUCTS.PRODUCT"
      } ]
    } ]
  }
}