{
  "presentationTable" : {
    "name" : "D02_SS_BUSINES_UNITS",
    "presentationColumns" : [ {
      "name" : "BUSINESSUNITID",
      "sourceLogicalColumn" : "logicalColumn:practica_EJC.D02_SS_BUSINES_UNITS.BUSINESSUNITID"
    }, {
      "name" : "BUSINESSUNIT",
      "sourceLogicalColumn" : "logicalColumn:practica_EJC.D02_SS_BUSINES_UNITS.BUSINESSUNIT"
    }, {
      "name" : "DIVISION",
      "sourceLogicalColumn" : "logicalColumn:practica_EJC.D02_SS_BUSINES_UNITS.DIVISION"
    }, {
      "name" : "GRUPO",
      "sourceLogicalColumn" : "logicalColumn:practica_EJC.D02_SS_BUSINES_UNITS.GRUPO"
    } ]
  }
}