{
  "presentationTable" : {
    "name" : "D03_SS_CUSTOMERS",
    "presentationColumns" : [ {
      "name" : "CUSTOMERID",
      "sourceLogicalColumn" : "logicalColumn:practica_EJC.D03_SS_CUSTOMERS.CUSTOMERID"
    }, {
      "name" : "CUSTOMER",
      "sourceLogicalColumn" : "logicalColumn:practica_EJC.D03_SS_CUSTOMERS.CUSTOMER"
    }, {
      "name" : "REGION",
      "sourceLogicalColumn" : "logicalColumn:practica_EJC.D03_SS_CUSTOMERS.REGION"
    }, {
      "name" : "REGIONID",
      "sourceLogicalColumn" : "logicalColumn:practica_EJC.D03_SS_CUSTOMERS.REGIONID"
    }, {
      "name" : "COUNTRYID",
      "sourceLogicalColumn" : "logicalColumn:practica_EJC.D03_SS_CUSTOMERS.COUNTRYID"
    } ]
  }
}