{
  "presentationTable" : {
    "name" : "F01_SS_SALES",
    "presentationColumns" : [ {
      "name" : "DATE1",
      "sourceLogicalColumn" : "logicalColumn:practica_EJC.F01_SS_SALES.DATE1"
    }, {
      "name" : "PRODUCTID",
      "sourceLogicalColumn" : "logicalColumn:practica_EJC.F01_SS_SALES.PRODUCTID"
    }, {
      "name" : "CUSTOMERID",
      "sourceLogicalColumn" : "logicalColumn:practica_EJC.F01_SS_SALES.CUSTOMERID"
    }, {
      "name" : "SALESPERSONID",
      "sourceLogicalColumn" : "logicalColumn:practica_EJC.F01_SS_SALES.SALESPERSONID"
    }, {
      "name" : "BUSINESSUNITID",
      "sourceLogicalColumn" : "logicalColumn:practica_EJC.F01_SS_SALES.BUSINESSUNITID"
    }, {
      "name" : "REVENUE",
      "sourceLogicalColumn" : "logicalColumn:practica_EJC.F01_SS_SALES.REVENUE"
    }, {
      "name" : "COST",
      "sourceLogicalColumn" : "logicalColumn:practica_EJC.F01_SS_SALES.COST"
    }, {
      "name" : "GROSS_PROFIT",
      "sourceLogicalColumn" : "logicalColumn:practica_EJC.F01_SS_SALES.GROSS_PROFIT"
    }, {
      "name" : "SCENARIO",
      "sourceLogicalColumn" : "logicalColumn:practica_EJC.F01_SS_SALES.SCENARIO"
    } ]
  }
}