{
  "physicalTable" : {
    "name" : "CHANNELS",
    "sourceType" : "TABLE",
    "physicalColumns" : [ {
      "name" : "CHANNEL_ID",
      "dataType" : "NUMERIC",
      "length" : 0,
      "nullable" : false
    }, {
      "name" : "CHANNEL_DESC",
      "dataType" : "VARCHAR",
      "length" : 20,
      "nullable" : false
    }, {
      "name" : "CHANNEL_CLASS",
      "dataType" : "VARCHAR",
      "length" : 20,
      "nullable" : false
    }, {
      "name" : "CHANNEL_CLASS_ID",
      "dataType" : "NUMERIC",
      "length" : 0,
      "nullable" : false
    }, {
      "name" : "CHANNEL_TOTAL",
      "dataType" : "VARCHAR",
      "length" : 13,
      "nullable" : false
    }, {
      "name" : "CHANNEL_TOTAL_ID",
      "dataType" : "NUMERIC",
      "length" : 0,
      "nullable" : false
    } ],
    "caching" : {
      "enable" : true,
      "expiryTime" : 0
    },
    "joins" : [ {
      "rightTable" : "physicalTable:MyDatabase.SH.F01 SALES",
      "useJoinExpression" : false,
      "joinConditions" : [ {
        "leftColumn" : "physicalColumn:MyDatabase.SH.CHANNELS.CHANNEL_ID",
        "rightColumn" : "physicalColumn:MyDatabase.SH.F01 SALES.CHANNEL_ID"
      } ],
      "joinType" : "INNER",
      "cardinality" : "MANY_TO_ONE"
    } ]
  }
}