{
  "physicalTable" : {
    "name" : "PROMOTIONS",
    "sourceType" : "TABLE",
    "physicalColumns" : [ {
      "name" : "PROMO_ID",
      "dataType" : "NUMERIC",
      "length" : 0,
      "nullable" : false
    }, {
      "name" : "PROMO_NAME",
      "dataType" : "VARCHAR",
      "length" : 30,
      "nullable" : false
    }, {
      "name" : "PROMO_SUBCATEGORY",
      "dataType" : "VARCHAR",
      "length" : 30,
      "nullable" : false
    }, {
      "name" : "PROMO_SUBCATEGORY_ID",
      "dataType" : "NUMERIC",
      "length" : 0,
      "nullable" : false
    }, {
      "name" : "PROMO_CATEGORY",
      "dataType" : "VARCHAR",
      "length" : 30,
      "nullable" : false
    }, {
      "name" : "PROMO_CATEGORY_ID",
      "dataType" : "NUMERIC",
      "length" : 0,
      "nullable" : false
    }, {
      "name" : "PROMO_COST",
      "dataType" : "NUMERIC",
      "length" : 0,
      "nullable" : false
    }, {
      "name" : "PROMO_BEGIN_DATE",
      "dataType" : "DATETIME",
      "length" : 0,
      "nullable" : false
    }, {
      "name" : "PROMO_END_DATE",
      "dataType" : "DATETIME",
      "length" : 0,
      "nullable" : false
    }, {
      "name" : "PROMO_TOTAL",
      "dataType" : "VARCHAR",
      "length" : 15,
      "nullable" : false
    }, {
      "name" : "PROMO_TOTAL_ID",
      "dataType" : "NUMERIC",
      "length" : 0,
      "nullable" : false
    } ],
    "caching" : {
      "enable" : true,
      "expiryTime" : 0
    }
  }
}