{
  "logicalTable" : {
    "name" : "D01_SS_CUSTOMERS",
    "type" : "DIMENSION",
    "logicalColumns" : [ {
      "name" : "CUSTOMERID",
      "dataType" : "NUMERIC",
      "writeable" : false,
      "logicalColumnSource" : {
        "derivedFrom" : "PHYSICAL_COLUMNS",
        "physicalMappings" : [ {
          "logicalTableSource" : "D01_SS_CUSTOMERS",
          "physicalExpression" : {
            "expressionTemplate" : "%1",
            "expressionObjects" : [ "physicalColumn:MyDatabase.BUDPRD.D01_SS_CUSTOMERS.CUSTOMERID" ]
          }
        } ]
      }
    }, {
      "name" : "CUSTOMER",
      "dataType" : "VARCHAR",
      "writeable" : false,
      "logicalColumnSource" : {
        "derivedFrom" : "PHYSICAL_COLUMNS",
        "physicalMappings" : [ {
          "logicalTableSource" : "D01_SS_CUSTOMERS",
          "physicalExpression" : {
            "expressionTemplate" : "%1",
            "expressionObjects" : [ "physicalColumn:MyDatabase.BUDPRD.D01_SS_CUSTOMERS.CUSTOMER" ]
          }
        } ]
      }
    }, {
      "name" : "REGION",
      "dataType" : "VARCHAR",
      "writeable" : false,
      "logicalColumnSource" : {
        "derivedFrom" : "PHYSICAL_COLUMNS",
        "physicalMappings" : [ {
          "logicalTableSource" : "D01_SS_CUSTOMERS",
          "physicalExpression" : {
            "expressionTemplate" : "%1",
            "expressionObjects" : [ "physicalColumn:MyDatabase.BUDPRD.D01_SS_CUSTOMERS.REGION" ]
          }
        } ]
      }
    }, {
      "name" : "REGIONID",
      "dataType" : "NUMERIC",
      "writeable" : false,
      "logicalColumnSource" : {
        "derivedFrom" : "PHYSICAL_COLUMNS",
        "physicalMappings" : [ {
          "logicalTableSource" : "D01_SS_CUSTOMERS",
          "physicalExpression" : {
            "expressionTemplate" : "%1",
            "expressionObjects" : [ "physicalColumn:MyDatabase.BUDPRD.D01_SS_CUSTOMERS.REGIONID" ]
          }
        } ]
      }
    }, {
      "name" : "COUNTRYID",
      "dataType" : "VARCHAR",
      "writeable" : false,
      "logicalColumnSource" : {
        "derivedFrom" : "PHYSICAL_COLUMNS",
        "physicalMappings" : [ {
          "logicalTableSource" : "D01_SS_CUSTOMERS",
          "physicalExpression" : {
            "expressionTemplate" : "%1",
            "expressionObjects" : [ "physicalColumn:MyDatabase.BUDPRD.D01_SS_CUSTOMERS.COUNTRYID" ]
          }
        } ]
      }
    } ],
    "logicalTableSources" : [ {
      "name" : "D01_SS_CUSTOMERS",
      "disable" : false,
      "tableMapping" : {
        "tables" : [ "physicalTable:MyDatabase.BUDPRD.D01_SS_CUSTOMERS" ]
      },
      "combineWithOtherFragments" : false,
      "enableFragmentSelection" : false,
      "distinctValues" : false
    } ]
  }
}