{
  "logicalTable" : {
    "name" : "F01_SS_SALES",
    "type" : "FACT",
    "logicalColumns" : [ {
      "name" : "DATE1",
      "dataType" : "DATETIME",
      "writeable" : false,
      "logicalColumnSource" : {
        "derivedFrom" : "PHYSICAL_COLUMNS",
        "physicalMappings" : [ {
          "logicalTableSource" : "F01_SS_SALES",
          "physicalExpression" : {
            "expressionTemplate" : "%1",
            "expressionObjects" : [ "physicalColumn:MyDatabase.BUDPRD.F01_SS_SALES.DATE1" ]
          }
        } ]
      }
    }, {
      "name" : "PRODUCTID",
      "dataType" : "NUMERIC",
      "writeable" : false,
      "logicalColumnSource" : {
        "derivedFrom" : "PHYSICAL_COLUMNS",
        "physicalMappings" : [ {
          "logicalTableSource" : "F01_SS_SALES",
          "physicalExpression" : {
            "expressionTemplate" : "%1",
            "expressionObjects" : [ "physicalColumn:MyDatabase.BUDPRD.F01_SS_SALES.PRODUCTID" ]
          }
        } ]
      }
    }, {
      "name" : "CUSTOMERID",
      "dataType" : "NUMERIC",
      "writeable" : false,
      "logicalColumnSource" : {
        "derivedFrom" : "PHYSICAL_COLUMNS",
        "physicalMappings" : [ {
          "logicalTableSource" : "F01_SS_SALES",
          "physicalExpression" : {
            "expressionTemplate" : "%1",
            "expressionObjects" : [ "physicalColumn:MyDatabase.BUDPRD.F01_SS_SALES.CUSTOMERID" ]
          }
        } ]
      }
    }, {
      "name" : "SALESPERSONID",
      "dataType" : "NUMERIC",
      "writeable" : false,
      "logicalColumnSource" : {
        "derivedFrom" : "PHYSICAL_COLUMNS",
        "physicalMappings" : [ {
          "logicalTableSource" : "F01_SS_SALES",
          "physicalExpression" : {
            "expressionTemplate" : "%1",
            "expressionObjects" : [ "physicalColumn:MyDatabase.BUDPRD.F01_SS_SALES.SALESPERSONID" ]
          }
        } ]
      }
    }, {
      "name" : "BUSINESSUNITID",
      "dataType" : "NUMERIC",
      "writeable" : false,
      "logicalColumnSource" : {
        "derivedFrom" : "PHYSICAL_COLUMNS",
        "physicalMappings" : [ {
          "logicalTableSource" : "F01_SS_SALES",
          "physicalExpression" : {
            "expressionTemplate" : "%1",
            "expressionObjects" : [ "physicalColumn:MyDatabase.BUDPRD.F01_SS_SALES.BUSINESSUNITID" ]
          }
        } ]
      }
    }, {
      "name" : "REVENUE",
      "dataType" : "NUMERIC",
      "writeable" : false,
      "logicalColumnSource" : {
        "derivedFrom" : "PHYSICAL_COLUMNS",
        "physicalMappings" : [ {
          "logicalTableSource" : "F01_SS_SALES",
          "physicalExpression" : {
            "expressionTemplate" : "%1",
            "expressionObjects" : [ "physicalColumn:MyDatabase.BUDPRD.F01_SS_SALES.REVENUE" ]
          }
        } ]
      }
    }, {
      "name" : "COST",
      "dataType" : "NUMERIC",
      "writeable" : false,
      "logicalColumnSource" : {
        "derivedFrom" : "PHYSICAL_COLUMNS",
        "physicalMappings" : [ {
          "logicalTableSource" : "F01_SS_SALES",
          "physicalExpression" : {
            "expressionTemplate" : "%1",
            "expressionObjects" : [ "physicalColumn:MyDatabase.BUDPRD.F01_SS_SALES.COST" ]
          }
        } ]
      }
    }, {
      "name" : "GROSS_PROFIT",
      "dataType" : "NUMERIC",
      "writeable" : false,
      "logicalColumnSource" : {
        "derivedFrom" : "PHYSICAL_COLUMNS",
        "physicalMappings" : [ {
          "logicalTableSource" : "F01_SS_SALES",
          "physicalExpression" : {
            "expressionTemplate" : "%1",
            "expressionObjects" : [ "physicalColumn:MyDatabase.BUDPRD.F01_SS_SALES.GROSS_PROFIT" ]
          }
        } ]
      }
    }, {
      "name" : "SCENARIO",
      "dataType" : "VARCHAR",
      "writeable" : false,
      "logicalColumnSource" : {
        "derivedFrom" : "PHYSICAL_COLUMNS",
        "physicalMappings" : [ {
          "logicalTableSource" : "F01_SS_SALES",
          "physicalExpression" : {
            "expressionTemplate" : "%1",
            "expressionObjects" : [ "physicalColumn:MyDatabase.BUDPRD.F01_SS_SALES.SCENARIO" ]
          }
        } ]
      }
    } ],
    "logicalTableSources" : [ {
      "name" : "F01_SS_SALES",
      "disable" : false,
      "tableMapping" : {
        "tables" : [ "physicalTable:MyDatabase.BUDPRD.F01_SS_SALES" ]
      },
      "combineWithOtherFragments" : false,
      "enableFragmentSelection" : false,
      "distinctValues" : false
    } ],
    "joins" : [ {
      "rightTable" : "logicalTable:practica2_MN_JR.D01_SS_BUSINES_UNITS",
      "joinType" : "INNER",
      "cardinality" : "MANY_TO_ONE"
    }, {
      "rightTable" : "logicalTable:practica2_MN_JR.D01_SS_CUSTOMERS",
      "joinType" : "INNER",
      "cardinality" : "MANY_TO_ONE"
    }, {
      "rightTable" : "logicalTable:practica2_MN_JR.D01_SS_PRODUCTS",
      "joinType" : "INNER",
      "cardinality" : "MANY_TO_ONE"
    }, {
      "rightTable" : "logicalTable:practica2_MN_JR.D01_SS_SALES_PERSONS",
      "joinType" : "INNER",
      "cardinality" : "MANY_TO_ONE"
    } ]
  }
}