{
  "physicalTable" : {
    "name" : "SS_BUSINESS_UNITS",
    "sourceType" : "TABLE",
    "physicalColumns" : [ {
      "name" : "BUSINESSUNITID",
      "dataType" : "NUMERIC",
      "length" : 0,
      "nullable" : true
    }, {
      "name" : "BUSINESSUNIT",
      "dataType" : "VARCHAR",
      "length" : 128,
      "nullable" : true
    }, {
      "name" : "DIVISION",
      "dataType" : "VARCHAR",
      "length" : 128,
      "nullable" : true
    }, {
      "name" : "GRUPO",
      "dataType" : "VARCHAR",
      "length" : 128,
      "nullable" : true
    } ],
    "caching" : {
      "enable" : true,
      "expiryTime" : 0
    },
    "joins" : [ {
      "rightTable" : "physicalTable:MyDatabase.BUDPRD.SS_SALES",
      "useJoinExpression" : false,
      "joinConditions" : [ {
        "leftColumn" : "physicalColumn:MyDatabase.BUDPRD.SS_BUSINESS_UNITS.BUSINESSUNITID",
        "rightColumn" : "physicalColumn:MyDatabase.BUDPRD.SS_SALES.BUSINESSUNITID"
      } ]
    } ]
  }
}