{
  "physicalTable" : {
    "name" : "SS_CUSTOMERS",
    "sourceType" : "TABLE",
    "physicalColumns" : [ {
      "name" : "CUSTOMERID",
      "dataType" : "NUMERIC",
      "length" : 0,
      "nullable" : true
    }, {
      "name" : "CUSTOMER",
      "dataType" : "VARCHAR",
      "length" : 128,
      "nullable" : true
    }, {
      "name" : "REGION",
      "dataType" : "VARCHAR",
      "length" : 128,
      "nullable" : true
    }, {
      "name" : "REGIONID",
      "dataType" : "NUMERIC",
      "length" : 0,
      "nullable" : true
    }, {
      "name" : "COUNTRYID",
      "dataType" : "VARCHAR",
      "length" : 128,
      "nullable" : true
    } ],
    "caching" : {
      "enable" : true,
      "expiryTime" : 0
    },
    "joins" : [ {
      "rightTable" : "physicalTable:MyDatabase.BUDPRD.SS_SALES",
      "useJoinExpression" : false,
      "joinConditions" : [ {
        "leftColumn" : "physicalColumn:MyDatabase.BUDPRD.SS_CUSTOMERS.CUSTOMERID",
        "rightColumn" : "physicalColumn:MyDatabase.BUDPRD.SS_SALES.CUSTOMERID"
      } ]
    } ]
  }
}