{
  "physicalTable" : {
    "name" : "SS_PRODUCTS",
    "sourceType" : "TABLE",
    "physicalColumns" : [ {
      "name" : "PRODUCTID",
      "dataType" : "NUMERIC",
      "length" : 0,
      "nullable" : true
    }, {
      "name" : "PRODUCT",
      "dataType" : "VARCHAR",
      "length" : 128,
      "nullable" : true
    }, {
      "name" : "PRODUCTCATEGORYID",
      "dataType" : "VARCHAR",
      "length" : 128,
      "nullable" : true
    }, {
      "name" : "PRODUCTGROUPID",
      "dataType" : "VARCHAR",
      "length" : 128,
      "nullable" : true
    } ],
    "caching" : {
      "enable" : true,
      "expiryTime" : 0
    },
    "joins" : [ {
      "rightTable" : "physicalTable:MyDatabase.BUDPRD.SS_SALES",
      "useJoinExpression" : false,
      "joinConditions" : [ {
        "leftColumn" : "physicalColumn:MyDatabase.BUDPRD.SS_PRODUCTS.PRODUCTID",
        "rightColumn" : "physicalColumn:MyDatabase.BUDPRD.SS_SALES.PRODUCTID"
      } ]
    } ]
  }
}