{
  "physicalTable" : {
    "name" : "SS_SALES",
    "sourceType" : "TABLE",
    "physicalColumns" : [ {
      "name" : "DATE1",
      "dataType" : "DATETIME",
      "length" : 0,
      "nullable" : true
    }, {
      "name" : "PRODUCTID",
      "dataType" : "NUMERIC",
      "length" : 0,
      "nullable" : true
    }, {
      "name" : "CUSTOMERID",
      "dataType" : "NUMERIC",
      "length" : 0,
      "nullable" : true
    }, {
      "name" : "SALESPERSONID",
      "dataType" : "NUMERIC",
      "length" : 0,
      "nullable" : true
    }, {
      "name" : "BUSINESSUNITID",
      "dataType" : "NUMERIC",
      "length" : 0,
      "nullable" : true
    }, {
      "name" : "REVENUE",
      "dataType" : "NUMERIC",
      "length" : 0,
      "nullable" : true
    }, {
      "name" : "COST",
      "dataType" : "NUMERIC",
      "length" : 0,
      "nullable" : true
    }, {
      "name" : "GROSS_PROFIT",
      "dataType" : "NUMERIC",
      "length" : 0,
      "nullable" : true
    }, {
      "name" : "SCENARIO",
      "dataType" : "VARCHAR",
      "length" : 128,
      "nullable" : true
    } ],
    "additionalKeys" : [ [ "BUSINESSUNITID" ], [ "CUSTOMERID" ], [ "PRODUCTID" ], [ "SALESPERSONID" ] ],
    "caching" : {
      "enable" : true,
      "expiryTime" : 0
    }
  }
}