{
  "subjectArea" : {
    "name" : "P2_ATEMATICA_JR",
    "sourceBusinessModel" : "businessModel:practica2_MN_JR",
    "tableOrder" : [ {
      "name" : "presentationTable:P2_ATEMATICA_JR.D01_SS_BUSINES_UNITS"
    }, {
      "name" : "presentationTable:P2_ATEMATICA_JR.F01_SS_SALES"
    }, {
      "name" : "presentationTable:P2_ATEMATICA_JR.D01_SS_SALES_PERSONS"
    }, {
      "name" : "presentationTable:P2_ATEMATICA_JR.D01_SS_PRODUCTS"
    }, {
      "name" : "presentationTable:P2_ATEMATICA_JR.D01_SS_CUSTOMERS"
    } ]
  }
}