{
  "subjectArea" : {
    "name" : "practica_EJC",
    "sourceBusinessModel" : "businessModel:practica_EJC",
    "tableOrder" : [ {
      "name" : "presentationTable:practica_EJC.D01_SS_PRODUCTS"
    }, {
      "name" : "presentationTable:practica_EJC.D02_SS_BUSINES_UNITS"
    }, {
      "name" : "presentationTable:practica_EJC.D03_SS_CUSTOMERS"
    }, {
      "name" : "presentationTable:practica_EJC.D04_SS_SALES_PERSONS"
    }, {
      "name" : "presentationTable:practica_EJC.F01_SS_SALES"
    } ]
  }
}